[{"id":9, "available_quantity":0, "product_categories_category_id":8, "user_user_id":1},
 {"id":10, "available_quantity":0, "product_categories_category_id":8, "user_user_id":2},
 {"id":11, "available_quantity":0, "product_categories_category_id":8, "user_user_id":3},
 {"id":12, "available_quantity":11000, "product_categories_category_id":8, "user_user_id":4},
 {"id":14, "available_quantity":0, "product_categories_category_id":13, "user_user_id":1},
 {"id":15, "available_quantity":1000, "product_categories_category_id":13, "user_user_id":2},
 {"id":16, "available_quantity":0, "product_categories_category_id":13, "user_user_id":3},
 {"id":17, "available_quantity":0, "product_categories_category_id":13, "user_user_id":4},
 {"id":19, "available_quantity":0, "product_categories_category_id":18, "user_user_id":1},
 {"id":20, "available_quantity":0, "product_categories_category_id":18, "user_user_id":2},
 {"id":21, "available_quantity":0, "product_categories_category_id":18, "user_user_id":3},
 {"id":22, "available_quantity":2999, "product_categories_category_id":18, "user_user_id":4},
 {"id":24, "available_quantity":0, "product_categories_category_id":23, "user_user_id":1},
 {"id":25, "available_quantity":0, "product_categories_category_id":23, "user_user_id":2},
 {"id":26, "available_quantity":0, "product_categories_category_id":23, "user_user_id":3},
 {"id":27, "available_quantity":2000, "product_categories_category_id":23, "user_user_id":4},
 {"id":29, "available_quantity":0, "product_categories_category_id":28, "user_user_id":1},
 {"id":30, "available_quantity":0, "product_categories_category_id":28, "user_user_id":2},
 {"id":31, "available_quantity":0, "product_categories_category_id":28, "user_user_id":3},
 {"id":32, "available_quantity":100, "product_categories_category_id":28, "user_user_id":4},
 {"id":34, "available_quantity":0, "product_categories_category_id":33, "user_user_id":1},
 {"id":35, "available_quantity":0, "product_categories_category_id":33, "user_user_id":2},
 {"id":36, "available_quantity":0, "product_categories_category_id":33, "user_user_id":3},
 {"id":37, "available_quantity":5000, "product_categories_category_id":33, "user_user_id":4},
 {"id":39, "available_quantity":0, "product_categories_category_id":38, "user_user_id":1},
 {"id":40, "available_quantity":0, "product_categories_category_id":38, "user_user_id":2},
 {"id":41, "available_quantity":0, "product_categories_category_id":38, "user_user_id":3},
 {"id":42, "available_quantity":4000, "product_categories_category_id":38, "user_user_id":4},
 {"id":44, "available_quantity":0, "product_categories_category_id":43, "user_user_id":1},
 {"id":45, "available_quantity":100, "product_categories_category_id":43, "user_user_id":2},
 {"id":46, "available_quantity":0, "product_categories_category_id":43, "user_user_id":3},
 {"id":47, "available_quantity":119900, "product_categories_category_id":43, "user_user_id":4},
 {"id":49, "available_quantity":0, "product_categories_category_id":48, "user_user_id":1},
 {"id":50, "available_quantity":0, "product_categories_category_id":48, "user_user_id":2},
 {"id":51, "available_quantity":0, "product_categories_category_id":48, "user_user_id":3},
 {"id":52, "available_quantity":2000, "product_categories_category_id":48, "user_user_id":4},
 {"id":61, "available_quantity":0, "product_categories_category_id":8, "user_user_id":60},
 {"id":62, "available_quantity":0, "product_categories_category_id":13, "user_user_id":60},
 {"id":63, "available_quantity":0, "product_categories_category_id":18, "user_user_id":60},
 {"id":64, "available_quantity":0, "product_categories_category_id":23, "user_user_id":60},
 {"id":65, "available_quantity":0, "product_categories_category_id":28, "user_user_id":60},
 {"id":66, "available_quantity":0, "product_categories_category_id":33, "user_user_id":60},
 {"id":67, "available_quantity":0, "product_categories_category_id":38, "user_user_id":60},
 {"id":68, "available_quantity":0, "product_categories_category_id":43, "user_user_id":60},
 {"id":69, "available_quantity":0, "product_categories_category_id":48, "user_user_id":60},
 {"id":71, "available_quantity":0, "product_categories_category_id":8, "user_user_id":70},
 {"id":72, "available_quantity":0, "product_categories_category_id":13, "user_user_id":70},
 {"id":73, "available_quantity":0, "product_categories_category_id":18, "user_user_id":70},
 {"id":74, "available_quantity":0, "product_categories_category_id":23, "user_user_id":70},
 {"id":75, "available_quantity":0, "product_categories_category_id":28, "user_user_id":70},
 {"id":76, "available_quantity":0, "product_categories_category_id":33, "user_user_id":70},
 {"id":77, "available_quantity":0, "product_categories_category_id":38, "user_user_id":70},
 {"id":78, "available_quantity":0, "product_categories_category_id":43, "user_user_id":70},
 {"id":79, "available_quantity":0, "product_categories_category_id":48, "user_user_id":70},
 {"id":81, "available_quantity":0, "product_categories_category_id":8, "user_user_id":80},
 {"id":82, "available_quantity":0, "product_categories_category_id":13, "user_user_id":80},
 {"id":83, "available_quantity":0, "product_categories_category_id":18, "user_user_id":80},
 {"id":84, "available_quantity":0, "product_categories_category_id":23, "user_user_id":80},
 {"id":85, "available_quantity":0, "product_categories_category_id":28, "user_user_id":80},
 {"id":86, "available_quantity":0, "product_categories_category_id":33, "user_user_id":80},
 {"id":87, "available_quantity":0, "product_categories_category_id":38, "user_user_id":80},
 {"id":88, "available_quantity":0, "product_categories_category_id":43, "user_user_id":80},
 {"id":89, "available_quantity":0, "product_categories_category_id":48, "user_user_id":80},
 {"id":91, "available_quantity":0, "product_categories_category_id":8, "user_user_id":90},
 {"id":92, "available_quantity":0, "product_categories_category_id":13, "user_user_id":90},
 {"id":93, "available_quantity":0, "product_categories_category_id":18, "user_user_id":90},
 {"id":94, "available_quantity":0, "product_categories_category_id":23, "user_user_id":90},
 {"id":95, "available_quantity":0, "product_categories_category_id":28, "user_user_id":90},
 {"id":96, "available_quantity":0, "product_categories_category_id":33, "user_user_id":90},
 {"id":97, "available_quantity":0, "product_categories_category_id":38, "user_user_id":90},
 {"id":98, "available_quantity":0, "product_categories_category_id":43, "user_user_id":90},
 {"id":99, "available_quantity":0, "product_categories_category_id":48, "user_user_id":90},
 {"id":101, "available_quantity":0, "product_categories_category_id":8, "user_user_id":100},
 {"id":102, "available_quantity":0, "product_categories_category_id":13, "user_user_id":100},
 {"id":103, "available_quantity":0, "product_categories_category_id":18, "user_user_id":100},
 {"id":104, "available_quantity":0, "product_categories_category_id":23, "user_user_id":100},
 {"id":105, "available_quantity":0, "product_categories_category_id":28, "user_user_id":100},
 {"id":106, "available_quantity":0, "product_categories_category_id":33, "user_user_id":100},
 {"id":107, "available_quantity":0, "product_categories_category_id":38, "user_user_id":100},
 {"id":108, "available_quantity":0, "product_categories_category_id":43, "user_user_id":100},
 {"id":109, "available_quantity":0, "product_categories_category_id":48, "user_user_id":100}]