[{"order_id":53, "category_id":43, "date":"2022-04-26 14:07:00.118000", "order_status":"DELIVERED", "quantity":100, "total_amount":9900, "user_id":2, "user_user_id":2},
 {"order_id":55, "category_id":13, "date":"2022-04-26 15:38:55.305000", "order_status":"DELIVERED", "quantity":100, "total_amount":14900, "user_id":2, "user_user_id":2},
 {"order_id":57, "category_id":13, "date":"2022-04-26 15:41:39.926000", "order_status":"DELIVERED", "quantity":900, "total_amount":134100, "user_id":2, "user_user_id":2}]