[{"category_id":8, "category_name":"Airtel", "price":99, "products_product_id":5},
 {"category_id":13, "category_name":"Jio", "price":149, "products_product_id":5},
 {"category_id":18, "category_name":"VI", "price":199, "products_product_id":5},
 {"category_id":23, "category_name":"Silver Membership Card", "price":199, "products_product_id":6},
 {"category_id":28, "category_name":"Gold Membership Card", "price":499, "products_product_id":6},
 {"category_id":33, "category_name":"Platinum Membership Card", "price":799, "products_product_id":6},
 {"category_id":38, "category_name":"SMS Pack", "price":19, "products_product_id":7},
 {"category_id":43, "category_name":"Internet Pack", "price":99, "products_product_id":7},
 {"category_id":48, "category_name":"Roaming Pack", "price":499, "products_product_id":7}]